dataset,,breakdown_partition,breakdown_thread,breakdown_warp,input_size,libcudf,thread,warp
skew 16,,2.197504,2.1452608,13.3724608,130321261,50.041,314.5,50.317
skew 32,,1.8416896,3.23168,11.2163072,109188051,48.51,267.9,48.815
skew 64,,1.412608,11.0445952,8.4344896,82448114,37.087,204.98,37.293
"bimodal (16,5) (512,100)",,12.0419776,11.2566912,3.3557632,597133201,60.547,61.011,169.51
"bimodal (32,10) (512,100)",,6.4163648,14.39744,1.7829568,316706412,39.83,40.108,107.38
"bimodal (64,20) (512,100)",,3.323424,16.8540286,0.9873344,163322256,56.195,29.03,56.482
"bimodal (16,5) (8192,500)",,3.8660288,3.6155968,12.5299584,190325877,272.01,274.06,67.324
"bimodal (32,10) (8192,500)",,3.0370432,6.7770368,9.7585024,148535295,62.441,218.58,62.763
"bimodal (64,20) (8192,500)",,2.1196544,10.673632,7.072672,103128190,44.546,158.55,44.561
"bimodal (16,5) (65536,2000)",,0.6708032,0.6190208,16.4239042,31311528,28.674,375.55,28.676
"bimodal (32,10) (65536,2000)",,0.6441216,1.3973696,15.676512,29877148,29.325,366.41,29.323
"bimodal (64,20) (65536,2000)",,0.6032192,2.9287168,14.9822912,27630757,27.316,340.34,27.287