dataset,het_times,contains_warp,contains_thread,libcudf,avg length,partition,thread,warp,
skew 16,11.12,33.021,203.12,33.021,82.39,1.41,1.48,8.23,2.969514388
skew 32,10.24,31.673,174.74,31.673,98.34,1.2,2.11,6.93,3.093066406
skew 64,13.47,24.168,135.38,24.168,130.23,0.92,7.34,5.21,1.794209354
"uniform (16,128)",24.33,28.652,13.549,28.652,72,1.61,3.93,18.79,1.177640773
"normal (16,128)",26.04,28.81,13.01,28.81,71.53,1.63,4.41,20,1.106374808
"bimodal (16,5) (512,100)",17.75,107.18,39.432,39.432,17.98,7.67,7.94,2.14,2.221521127
"bimodal (32,10) (512,100)",14.89,69.102,25.926,25.926,33.9,4.17,9.51,1.21,1.74116857
"bimodal (64,20) (512,100)",28.31,36.703,18.86,36.703,65.74,2.26,5.61,20.44,1.296467679
"bimodal (16,5) (8192,500)",13.02,43.293,172.31,172.31,56.34,2.64,2.59,7.79,13.23425499
"bimodal (32,10) (8192,500)",12.83,40.748,138.31,40.748,72.28,2.09,4.46,6.28,3.175993765
"bimodal (64,20) (8192,500)",23.36,29.095,100.48,29.095,103.98,1.46,3.74,18.16,1.245505137
"bimodal (16,5) (65536,2000)",11.36,18.5,234.93,18.5,343.6,0.52,0.45,10.39,1.628521127
"bimodal (32,10) (65536,2000)",11.71,19.182,226.17,19.182,359.79,0.59,0.92,10.2,1.638087105
"bimodal (64,20) (65536,2000)",16.79,17.979,211.83,17.979,389.52,0.51,1.05,15.23,1.070815962
facebook comments (5gb),20.06,21.183,48.018,21.183,167.99,0.93,1.02,18.11,1.055982054
facebook posts (5gb),24.28,24.749,22.905,24.749,115.37,1.32,1.48,21.48,1.01931631
reddit comments (5gb),20.57,22.765,57.658,22.765,168.9,0.95,1.76,17.86,1.106708799
twitter posts (5gb),26.02,32.261,14.853,32.261,74.09,2.05,4.08,19.89,1.239853958
amazon reviews,20.364,22.368,39.131,22.368,150.73,1.03,17.82,1.45,1.098408957
yelp reviews,15.271,14.161,33.344,14.161,565.36,0.39,14.76,0.05,0.927313208
github,21.706,22.858,166.65,22.858,430.83,0.44,20.87,0.33,1.053072883
common URLs,22.703,28.84,20.826,28.84,78.23,1.5,17.63,3.52,1.270316698